symbol,trade_date,open,high,low,close,volume,amount,drawdown
600519.SH,2024-01-02,84.98,85.48,84.1,85.07,392353,25741455.7,0.0
600519.SH,2024-01-03,86.77,87.53,84.2,85.84,242393,5273769.56,0.0
600519.SH,2024-01-04,85.17,86.63,85.26,86.52,191460,24127440.36,0.0
600519.SH,2024-01-05,90.24,89.68,86.7,88.8,389998,13582013.16,0.0
600519.SH,2024-01-08,86.11,88.61,84.66,87.59,468363,36233763.75,-0.013522
600519.SH,2024-01-09,86.99,89.55,85.85,86.53,133956,39082260.37,-0.025487
600519.SH,2024-01-10,85.52,88.14,85.03,85.38,193101,8497539.15,-0.038433
600519.SH,2024-01-11,82.59,84.92,82.89,83.5,437328,4435972.67,-0.059686
600519.SH,2024-01-12,78.16,79.43,75.69,78.13,103939,15775601.41,-0.120161
600519.SH,2024-01-15,81.48,81.09,78.52,80.06,366358,17103411.28,-0.098377
600519.SH,2024-01-16,83.32,84.92,79.33,81.77,273761,15160478.54,-0.079072
600519.SH,2024-01-17,78.06,78.86,77.51,78.74,276205,5761066.58,-0.113235
600519.SH,2024-01-18,77.29,80.81,75.6,77.98,115202,21073414.38,-0.121838
600519.SH,2024-01-19,78.1,77.35,75.6,76.61,392728,12022483.98,-0.137259
600519.SH,2024-01-22,76.02,76.45,74.23,75.34,335088,21930408.88,-0.151566
600519.SH,2024-01-23,70.21,73.77,69.44,71.38,133933,4878891.35,-0.196101
600519.SH,2024-01-24,70.59,72.24,67.56,70.33,280441,10684795.28,-0.207948
600519.SH,2024-01-25,71.87,71.95,70.57,71.45,224030,33691448.68,-0.19532
600519.SH,2024-01-26,74.99,77.13,73.4,76.1,466112,33847262.89,-0.143026
600519.SH,2024-01-29,76.18,78.95,76.36,76.92,299840,22179635.3,-0.133723
600519.SH,2024-01-30,76.44,77.52,76.92,77.23,455188,25865005.41,-0.13021
600519.SH,2024-01-31,75.82,77.38,75.48,76.32,453699,34279870.05,-0.140548
600519.SH,2024-02-01,76.09,77.18,72.49,75.25,122732,34188041.62,-0.152586
600519.SH,2024-02-02,77.43,77.13,74.33,77.1,348575,4030803.79,-0.131667
600519.SH,2024-02-05,76.69,79.45,76.78,77.74,343382,11732880.96,-0.12448
600519.SH,2024-02-06,77.23,77.31,74.52,76.58,385921,26217463.51,-0.137516
600519.SH,2024-02-07,75.75,76.67,73.42,74.7,92153,16096842.01,-0.15868
600519.SH,2024-02-08,73.78,75.2,74.4,74.48,226893,33620747.59,-0.161241
600519.SH,2024-02-09,73.94,75.9,72.1,73.56,309606,19980900.38,-0.171593
600519.SH,2024-02-12,72.72,75.75,71.5,73.62,60942,25065480.03,-0.170879
600519.SH,2024-02-13,72.33,76.03,73.14,73.27,461688,15868870.49,-0.174806
600519.SH,2024-02-14,72.62,76.81,72.37,74.06,484994,35817392.24,-0.165948
600519.SH,2024-02-15,72.81,72.64,70.03,71.79,433011,13828083.82,-0.191494
600519.SH,2024-02-16,72.85,75.47,73.63,73.82,363213,22628791.11,-0.168613
600519.SH,2024-02-19,77.75,80.97,78.99,79.02,113037,22383542.11,-0.110035
600519.SH,2024-02-20,82.69,83.88,80.47,81.46,366117,17251213.07,-0.082588
600519.SH,2024-02-21,81.31,84.64,81.37,81.99,440182,37793211.33,-0.076656
600519.SH,2024-02-22,83.92,85.56,83.2,83.88,342483,30689601.31,-0.055378
600519.SH,2024-02-23,82.81,84.76,79.68,81.85,219012,7553682.49,-0.078264
600519.SH,2024-02-26,78.93,78.8,77.01,78.69,294190,14080673.75,-0.113827
600519.SH,2024-02-27,80.58,80.39,77.2,80.29,420170,17028049.5,-0.0958
600519.SH,2024-02-28,78.11,80.94,78.56,79.29,147119,26189088.54,-0.10706
600519.SH,2024-02-29,75.43,76.86,75.26,76.7,293285,25835389.33,-0.13623
600519.SH,2024-03-01,75.77,78.02,73.63,75.09,195330,30622894.18,-0.154382
600519.SH,2024-03-04,72.37,74.32,70.35,73.04,61407,35292112.03,-0.177436
600519.SH,2024-03-05,74.34,75.4,71.62,73.36,127982,8832065.85,-0.173849
600519.SH,2024-03-06,73.75,76.14,73.65,74.5,347088,13109608.11,-0.161
600519.SH,2024-03-07,77.61,78.48,74.87,76.23,325274,18204512.64,-0.141541
600519.SH,2024-03-08,77.22,79.12,77.25,78.01,56477,7974910.4,-0.121489
600519.SH,2024-03-11,78.11,79.69,79.1,79.56,366646,20953801.11,-0.104028
600519.SH,2024-03-12,77.95,80.78,77.56,79.23,127940,19428689.62,-0.107773
600519.SH,2024-03-13,77.75,79.99,76.93,78.07,70386,17064136.55,-0.120787
600519.SH,2024-03-14,75.58,76.72,74.77,75.2,346412,9274223.73,-0.153058
600519.SH,2024-03-15,76.02,79.33,74.34,77.35,313599,36593095.49,-0.128928
600519.SH,2024-03-18,77.31,78.28,75.98,77.08,256213,22779431.5,-0.131927
600519.SH,2024-03-19,77.72,77.55,76.25,76.37,457407,10546718.66,-0.139965
600519.SH,2024-03-20,77.34,79.01,75.61,78.7,92499,28122069.62,-0.11374
600519.SH,2024-03-21,75.69,77.99,76.53,77.01,60472,32074270.48,-0.132755
600519.SH,2024-03-22,78.0,79.06,77.74,78.69,333024,35006751.32,-0.113788
600519.SH,2024-03-25,80.1,81.9,77.07,79.35,129847,30771355.36,-0.106332
000001.SZ,2024-01-02,163.89,171.05,160.18,165.31,483450,9169617.81,0.0
000001.SZ,2024-01-03,169.08,166.25,165.24,165.96,287465,82454266.66,0.0
000001.SZ,2024-01-04,168.5,175.22,171.22,171.43,285394,57124282.58,0.0
000001.SZ,2024-01-05,170.39,172.14,166.54,169.06,312941,77011518.06,-0.013789
000001.SZ,2024-01-08,168.42,173.47,171.2,171.54,450618,43751496.73,0.0
000001.SZ,2024-01-09,171.67,172.74,165.3,170.85,258664,35708743.86,-0.004055
000001.SZ,2024-01-10,170.66,170.62,169.92,170.09,493794,61941917.26,-0.008479
000001.SZ,2024-01-11,175.18,177.1,173.63,174.93,358129,21547672.91,0.0
000001.SZ,2024-01-12,181.65,184.6,178.36,178.72,376573,58268141.45,0.0
000001.SZ,2024-01-15,181.93,189.34,181.55,182.53,70348,11292233.84,0.0
000001.SZ,2024-01-16,187.74,194.79,188.57,188.67,117687,59875959.11,0.0
000001.SZ,2024-01-17,188.06,196.29,187.76,188.96,427247,49301220.17,0.0
000001.SZ,2024-01-18,191.71,194.47,185.11,192.37,439125,79987575.37,0.0
000001.SZ,2024-01-19,194.89,198.69,187.67,191.07,396044,90784934.94,-0.006757
000001.SZ,2024-01-22,195.5,194.72,188.57,192.81,108121,92417079.3,0.0
000001.SZ,2024-01-23,193.19,194.13,189.85,192.37,328157,40624032.68,-0.002254
000001.SZ,2024-01-24,190.05,198.22,189.33,193.03,397543,54835258.53,0.0
000001.SZ,2024-01-25,198.86,200.43,192.65,196.1,444494,45409657.01,0.0
000001.SZ,2024-01-26,189.47,192.5,190.4,192.28,329139,70535887.46,-0.019456
000001.SZ,2024-01-29,200.21,203.64,194.55,202.53,207764,63891452.01,0.0
000001.SZ,2024-01-30,196.79,201.1,196.88,197.64,206714,55595506.11,-0.02415
000001.SZ,2024-01-31,194.02,194.88,188.94,191.84,438063,91561930.06,-0.052796
000001.SZ,2024-02-01,194.8,204.91,193.57,197.59,166209,50702636.19,-0.024425
000001.SZ,2024-02-02,205.57,205.67,196.28,201.69,335030,31880810.93,-0.004141
000001.SZ,2024-02-05,201.56,206.1,197.89,205.04,118356,23061570.21,0.0
000001.SZ,2024-02-06,209.64,209.98,203.01,208.47,453554,54886113.1,0.0
000001.SZ,2024-02-07,210.01,210.05,201.87,208.61,68390,26289569.26,0.0
000001.SZ,2024-02-08,202.33,205.59,196.7,204.14,104286,52536063.89,-0.021431
000001.SZ,2024-02-09,202.33,207.72,200.67,204.73,360677,13858480.23,-0.018598
000001.SZ,2024-02-12,203.88,206.53,194.07,201.47,443110,93562067.32,-0.034231
000001.SZ,2024-02-13,202.96,208.87,204.98,206.58,386716,27482907.51,-0.009722
000001.SZ,2024-02-14,203.64,209.09,201.78,206.03,328214,44505199.78,-0.012372
000001.SZ,2024-02-15,201.68,208.03,194.2,201.99,163596,74938294.17,-0.031767
000001.SZ,2024-02-16,203.74,204.67,196.81,200.57,98227,50409150.08,-0.038578
000001.SZ,2024-02-19,203.1,204.8,196.91,202.84,219777,11973833.62,-0.027691
000001.SZ,2024-02-20,198.76,201.87,194.8,200.18,103892,90228781.04,-0.040422
000001.SZ,2024-02-21,197.0,201.6,194.61,196.27,274298,17490055.77,-0.059187
000001.SZ,2024-02-22,197.95,202.3,195.65,197.66,244246,21230643.56,-0.052515
000001.SZ,2024-02-23,197.34,201.96,196.25,199.07,306850,41852316.16,-0.045765
000001.SZ,2024-02-26,200.57,201.51,190.74,196.74,95802,23370325.86,-0.056904
000001.SZ,2024-02-27,192.64,195.87,188.29,194.62,178292,24915142.24,-0.067067
000001.SZ,2024-02-28,199.06,196.57,192.22,195.95,234678,96419061.48,-0.060722
000001.SZ,2024-02-29,186.11,192.06,188.82,189.05,439478,78962016.9,-0.093786
000001.SZ,2024-03-01,180.82,183.83,180.17,182.59,468219,54874718.65,-0.124766
000001.SZ,2024-03-04,180.0,181.5,177.83,179.49,134169,35117885.8,-0.139611
000001.SZ,2024-03-05,178.18,182.34,173.29,178.71,101676,58041235.3,-0.143342
000001.SZ,2024-03-06,178.75,184.47,174.18,180.28,266513,52220182.68,-0.135827
000001.SZ,2024-03-07,183.75,189.63,180.63,187.11,78518,92708327.88,-0.103089
000001.SZ,2024-03-08,189.95,197.5,185.6,191.31,356676,75011679.87,-0.082961
000001.SZ,2024-03-11,191.46,194.33,186.25,190.73,206990,89317838.09,-0.08571
000001.SZ,2024-03-12,193.36,198.2,184.15,190.83,378890,90121362.79,-0.085231
000001.SZ,2024-03-13,183.87,186.74,184.31,186.24,308512,79864271.55,-0.107243
000001.SZ,2024-03-14,183.66,192.27,180.39,186.34,123645,23091267.79,-0.106764
000001.SZ,2024-03-15,187.51,190.11,181.65,185.18,211473,82358033.67,-0.112316
000001.SZ,2024-03-18,186.06,192.97,182.67,186.86,219624,48248756.6,-0.104267
000001.SZ,2024-03-19,181.73,188.66,179.54,183.18,154495,83313639.45,-0.121896
000001.SZ,2024-03-20,184.88,189.78,185.05,185.75,330907,19058259.19,-0.109616
000001.SZ,2024-03-21,196.45,197.9,187.91,193.05,112672,78630960.19,-0.074608
000001.SZ,2024-03-22,193.64,196.83,191.9,192.72,404868,22789490.16,-0.076199
000001.SZ,2024-03-25,193.38,196.78,192.85,194.85,65089,59710341.84,-0.065997
300750.SZ,2024-01-02,159.13,159.17,153.51,156.03,80184,60460266.18,0.0
300750.SZ,2024-01-03,157.57,165.15,154.36,159.42,135809,10593304.29,0.0
300750.SZ,2024-01-04,164.53,168.43,158.56,164.71,398987,41833758.18,0.0
300750.SZ,2024-01-05,163.21,165.92,159.14,163.05,301838,19542456.93,-0.010116
300750.SZ,2024-01-08,159.41,167.03,161.12,161.47,217989,27745777.12,-0.019703
300750.SZ,2024-01-09,160.32,162.0,153.18,159.4,120268,59325968.51,-0.032267
300750.SZ,2024-01-10,164.44,163.58,158.31,163.4,153983,57573696.26,-0.00798
300750.SZ,2024-01-11,164.32,168.24,166.2,167.54,130345,57589041.35,0.0
300750.SZ,2024-01-12,171.69,174.2,168.26,173.51,375020,75488310.25,0.0
300750.SZ,2024-01-15,180.41,180.89,175.7,178.06,142242,32391985.87,0.0
300750.SZ,2024-01-16,173.68,171.06,164.72,170.97,143548,10589913.35,-0.039805
300750.SZ,2024-01-17,170.15,176.36,168.36,172.34,451702,72013792.3,-0.032101
300750.SZ,2024-01-18,166.89,169.7,163.79,167.96,315632,28658103.4,-0.056743
300750.SZ,2024-01-19,166.79,168.69,163.0,165.97,246256,30291167.82,-0.067895
300750.SZ,2024-01-22,169.84,171.94,161.11,166.84,440810,44938460.64,-0.062988
300750.SZ,2024-01-23,173.19,175.95,166.58,170.5,60111,29138614.29,-0.042477
300750.SZ,2024-01-24,167.15,171.1,161.92,166.87,112710,71039460.76,-0.062845
300750.SZ,2024-01-25,160.39,160.65,152.13,157.34,172538,9169014.31,-0.116373
300750.SZ,2024-01-26,160.83,158.95,155.53,158.21,173324,47363644.28,-0.111502
300750.SZ,2024-01-29,169.84,174.42,163.46,168.82,54948,18840023.0,-0.051893
300750.SZ,2024-01-30,170.82,174.01,165.42,168.13,320232,58722993.75,-0.055753
300750.SZ,2024-01-31,166.31,174.66,164.58,168.5,222412,47771274.47,-0.053701
300750.SZ,2024-02-01,172.98,177.35,174.33,176.17,87259,56625390.12,-0.010593
300750.SZ,2024-02-02,177.13,181.74,173.86,178.95,210052,66850233.52,0.0
300750.SZ,2024-02-05,178.64,184.18,176.32,180.1,348652,84929657.59,0.0
300750.SZ,2024-02-06,183.96,183.84,175.21,182.27,168018,57922433.28,0.0
300750.SZ,2024-02-07,180.3,187.24,180.63,183.59,200409,72869500.8,0.0
300750.SZ,2024-02-08,175.73,179.08,176.6,178.54,272971,64236798.25,-0.027494
300750.SZ,2024-02-09,172.28,174.44,171.49,172.73,409737,62636024.6,-0.059135
300750.SZ,2024-02-12,179.41,185.33,176.43,181.06,91211,83790994.74,-0.013813
300750.SZ,2024-02-13,179.42,188.99,178.03,182.07,133309,53502005.23,-0.008294
300750.SZ,2024-02-14,185.43,188.06,181.29,182.71,346452,66052982.64,-0.00482
300750.SZ,2024-02-15,185.03,184.3,178.75,182.48,149544,90226057.92,-0.00607
300750.SZ,2024-02-16,189.53,186.52,184.03,186.22,466361,24443437.28,0.0
300750.SZ,2024-02-19,198.77,205.49,190.57,198.23,363839,36435772.98,0.0
300750.SZ,2024-02-20,204.44,208.83,200.58,201.02,263396,88031898.98,0.0
300750.SZ,2024-02-21,201.0,200.8,196.91,198.27,66653,63113180.45,-0.013702
300750.SZ,2024-02-22,195.67,198.76,190.5,197.81,363329,40143435.91,-0.016005
300750.SZ,2024-02-23,205.13,203.83,197.73,203.3,292771,82504219.22,0.0
300750.SZ,2024-02-26,199.09,205.56,199.63,200.54,327138,31050116.46,-0.01357
300750.SZ,2024-02-27,201.11,212.15,196.99,205.01,443615,59048568.87,0.0
300750.SZ,2024-02-28,196.72,199.5,193.31,193.32,207820,76408637.23,-0.057018
300750.SZ,2024-02-29,191.65,196.1,189.54,192.41,443154,94825393.57,-0.061495
300750.SZ,2024-03-01,197.72,198.89,191.09,195.62,381912,30800449.41,-0.045818
300750.SZ,2024-03-04,198.88,204.89,196.27,202.03,183338,31339297.55,-0.014566
300750.SZ,2024-03-05,194.47,198.24,198.0,198.1,242497,44164956.32,-0.033744
300750.SZ,2024-03-06,192.22,192.52,190.47,190.85,403855,17221522.22,-0.069079
300750.SZ,2024-03-07,189.17,196.47,189.38,189.8,260330,61881082.4,-0.074217
300750.SZ,2024-03-08,182.19,191.97,178.97,184.65,474229,63212764.34,-0.099338
300750.SZ,2024-03-11,184.94,187.92,178.48,184.15,129437,27477925.19,-0.101793
300750.SZ,2024-03-12,181.99,190.05,179.51,184.3,76029,89586903.73,-0.101045
300750.SZ,2024-03-13,181.14,185.03,178.37,178.41,128252,40731473.37,-0.129792
300750.SZ,2024-03-14,184.05,187.24,176.01,182.17,417124,27507564.66,-0.111421
300750.SZ,2024-03-15,179.63,185.54,178.68,181.64,311038,16559730.42,-0.114025
300750.SZ,2024-03-18,189.54,188.71,180.22,186.73,449936,89636311.22,-0.089207
300750.SZ,2024-03-19,180.88,184.07,175.84,178.3,297885,15894380.28,-0.130305
300750.SZ,2024-03-20,173.31,176.54,168.79,173.94,375539,47511812.12,-0.151551
300750.SZ,2024-03-21,173.41,177.92,174.13,176.36,84258,76373593.64,-0.139744
300750.SZ,2024-03-22,172.98,176.34,170.2,173.02,421106,35730635.74,-0.156069
300750.SZ,2024-03-25,173.71,176.38,167.42,172.48,445383,70516687.09,-0.158697
601318.SH,2024-01-02,143.73,142.8,137.05,141.5,64010,48570299.97,0.0
601318.SH,2024-01-03,142.68,148.4,140.41,143.44,485687,19146928.17,0.0
601318.SH,2024-01-04,149.58,151.98,146.05,147.41,430152,57850944.7,0.0
601318.SH,2024-01-05,152.63,152.66,145.99,151.86,464381,49733717.25,0.0
601318.SH,2024-01-08,159.13,160.29,151.71,157.26,106333,56378897.61,0.0
601318.SH,2024-01-09,159.52,161.25,156.72,159.97,78894,49892296.95,0.0
601318.SH,2024-01-10,157.99,164.55,155.06,159.46,254849,8806893.99,-0.003178
601318.SH,2024-01-11,157.47,162.72,156.87,160.21,320009,29036869.14,0.0
601318.SH,2024-01-12,166.49,170.88,163.74,165.2,67828,43980212.23,0.0
601318.SH,2024-01-15,159.43,163.56,161.9,161.99,114122,44465864.4,-0.019423
601318.SH,2024-01-16,164.42,168.24,160.76,163.64,54396,32222703.02,-0.009405
601318.SH,2024-01-17,162.31,162.77,157.99,162.2,64941,13845294.44,-0.018155
601318.SH,2024-01-18,161.81,163.34,159.67,162.48,360259,66658465.99,-0.016468
601318.SH,2024-01-19,165.82,168.96,161.82,167.83,336393,61747921.58,0.0
601318.SH,2024-01-22,165.64,175.12,162.4,168.8,293583,62301012.08,0.0
601318.SH,2024-01-23,171.68,174.0,167.83,169.17,202752,70486978.45,0.0
601318.SH,2024-01-24,160.84,169.44,160.62,163.58,417783,41475860.96,-0.032996
601318.SH,2024-01-25,167.76,170.31,165.01,166.8,86733,12870062.15,-0.013989
601318.SH,2024-01-26,167.94,170.74,168.79,169.66,148646,82986859.76,0.0
601318.SH,2024-01-29,177.84,180.31,177.5,179.0,346418,49080754.21,0.0
601318.SH,2024-01-30,178.2,182.92,172.32,177.81,498350,86885956.16,-0.006694
601318.SH,2024-01-31,180.03,180.39,176.67,178.96,82489,11416354.09,-0.000259
601318.SH,2024-02-01,178.51,183.59,179.3,180.25,377226,69256160.02,0.0
601318.SH,2024-02-02,186.98,190.14,182.82,187.54,494442,12762004.71,0.0
601318.SH,2024-02-05,190.03,191.62,183.08,187.28,376365,50378987.85,-0.001382
601318.SH,2024-02-06,191.6,195.58,184.41,188.78,174572,59758310.19,0.0
601318.SH,2024-02-07,195.0,193.45,188.94,191.83,334202,72877566.03,0.0
601318.SH,2024-02-08,190.08,198.44,192.22,192.92,130857,30268069.75,0.0
601318.SH,2024-02-09,194.56,192.34,189.85,190.96,271525,30793006.96,-0.010161
601318.SH,2024-02-12,194.93,195.5,188.35,192.08,211655,60855416.0,-0.004368
601318.SH,2024-02-13,194.77,200.51,197.18,197.42,166160,68216484.5,0.0
601318.SH,2024-02-14,191.21,198.51,185.86,192.56,486419,48948685.38,-0.024663
601318.SH,2024-02-15,191.35,193.96,186.97,193.39,283898,38997044.38,-0.020445
601318.SH,2024-02-16,192.7,193.48,184.48,190.2,327715,70001918.5,-0.036611
601318.SH,2024-02-19,193.46,197.38,188.51,196.07,381380,68371775.26,-0.006865
601318.SH,2024-02-20,188.61,195.17,187.33,188.8,313409,83207998.82,-0.04369
601318.SH,2024-02-21,184.16,187.18,180.91,186.35,75689,53860034.73,-0.056097
601318.SH,2024-02-22,191.58,188.59,181.68,188.29,253489,88543907.45,-0.046251
601318.SH,2024-02-23,194.41,199.83,188.34,195.85,116754,96747363.96,-0.00797
601318.SH,2024-02-26,199.37,195.76,195.35,195.73,337603,86229373.22,-0.008608
601318.SH,2024-02-27,192.85,197.19,189.25,193.2,350088,21801772.73,-0.021377
601318.SH,2024-02-28,198.68,204.98,200.09,202.48,140834,71485798.48,0.0
601318.SH,2024-02-29,199.03,196.09,192.8,195.36,249687,86086476.08,-0.0352
601318.SH,2024-03-01,182.43,189.93,183.62,184.81,475076,66063502.45,-0.087271
601318.SH,2024-03-04,187.01,191.65,186.05,187.03,306774,11909024.57,-0.076318
601318.SH,2024-03-05,188.06,189.97,182.48,184.87,147053,64057247.4,-0.086987
601318.SH,2024-03-06,179.57,185.03,173.89,180.34,346030,90120025.08,-0.109384
601318.SH,2024-03-07,180.39,190.89,179.35,183.71,441839,73864546.37,-0.092722
601318.SH,2024-03-08,185.51,190.48,184.11,185.01,231863,36477974.86,-0.086285
601318.SH,2024-03-11,183.81,188.49,180.85,182.59,409016,44919044.58,-0.098256
601318.SH,2024-03-12,179.18,177.78,173.7,176.93,52591,34688917.03,-0.126217
601318.SH,2024-03-13,180.0,183.83,178.76,180.96,224851,45586722.72,-0.106285
601318.SH,2024-03-14,182.15,186.83,178.4,184.09,82938,59192975.62,-0.090864
601318.SH,2024-03-15,185.05,188.37,179.87,183.81,220903,80602016.29,-0.092209
601318.SH,2024-03-18,192.63,196.17,184.98,192.48,203561,42555617.42,-0.049392
601318.SH,2024-03-19,186.77,191.88,184.03,187.53,323557,73922214.54,-0.073872
601318.SH,2024-03-20,182.82,185.75,180.24,180.56,58204,24935558.54,-0.108267
601318.SH,2024-03-21,174.12,182.22,176.89,177.62,159567,82977361.04,-0.1228
601318.SH,2024-03-22,174.47,184.23,172.99,177.59,95639,47709244.99,-0.122923
601318.SH,2024-03-25,177.11,180.89,173.9,178.85,411361,52336112.68,-0.11671
600036.SH,2024-01-02,77.66,79.26,78.66,78.99,136340,15443971.2,0.0
600036.SH,2024-01-03,79.71,81.74,77.6,80.6,283576,6481984.97,0.0
600036.SH,2024-01-04,80.42,80.2,78.0,79.46,446035,27246746.8,-0.014083
600036.SH,2024-01-05,76.49,77.38,74.35,76.39,351269,37992626.88,-0.052209
600036.SH,2024-01-08,76.7,77.91,75.39,76.21,259342,5872908.59,-0.054442
600036.SH,2024-01-09,76.17,78.89,73.47,75.98,360502,10669264.02,-0.057261
600036.SH,2024-01-10,74.32,74.5,72.58,74.22,390273,15318707.67,-0.079161
600036.SH,2024-01-11,75.81,77.71,75.09,75.31,155588,17298707.29,-0.065554
600036.SH,2024-01-12,77.77,82.0,78.63,78.86,292980,33826267.89,-0.021481
600036.SH,2024-01-15,79.45,81.36,76.49,79.38,389871,8531253.23,-0.015064
600036.SH,2024-01-16,80.82,82.28,78.85,79.78,66272,14871557.83,-0.010128
600036.SH,2024-01-17,77.25,79.11,75.14,77.99,471631,23335526.16,-0.032331
600036.SH,2024-01-18,80.16,82.08,79.01,80.79,320267,22788074.81,0.0
600036.SH,2024-01-19,82.08,82.33,80.7,80.72,433141,11610197.82,-0.000879
600036.SH,2024-01-22,81.01,80.0,79.05,79.63,221280,35444248.15,-0.014341
600036.SH,2024-01-23,81.02,82.41,79.17,79.84,187105,6899319.59,-0.011786
600036.SH,2024-01-24,80.55,81.42,79.88,80.86,205744,39543740.87,0.0
600036.SH,2024-01-25,81.68,83.9,78.41,81.22,437906,37789073.83,0.0
600036.SH,2024-01-26,83.71,85.79,82.97,83.76,128677,23129405.42,0.0
600036.SH,2024-01-29,84.3,85.14,82.5,84.64,80677,5215307.75,0.0
600036.SH,2024-01-30,82.9,87.37,82.61,84.13,484619,20579434.35,-0.006099
600036.SH,2024-01-31,84.41,86.78,83.15,85.05,97549,28780110.95,0.0
600036.SH,2024-02-01,85.22,88.34,85.0,86.2,118411,6689919.14,0.0
600036.SH,2024-02-02,84.43,85.03,80.35,83.49,497689,6345693.83,-0.031409
600036.SH,2024-02-05,86.65,89.36,83.36,85.98,114012,8995227.28,-0.002608
600036.SH,2024-02-06,84.74,85.76,84.36,85.42,78031,23851714.53,-0.009113
600036.SH,2024-02-07,86.6,87.68,83.61,84.91,187814,28085584.24,-0.014943
600036.SH,2024-02-08,86.69,88.07,83.58,86.59,448971,21856596.73,0.0
600036.SH,2024-02-09,87.22,89.6,86.23,88.3,422392,33564448.34,0.0
600036.SH,2024-02-12,87.77,86.88,84.81,86.84,266604,5091957.89,-0.016521
600036.SH,2024-02-13,87.82,91.37,85.61,88.67,290889,13020271.69,0.0
600036.SH,2024-02-14,85.81,88.36,87.43,87.52,410691,42165839.55,-0.013011
600036.SH,2024-02-15,91.54,91.99,89.93,91.58,254469,39377573.74,0.0
600036.SH,2024-02-16,88.34,91.53,86.73,89.78,196104,34278762.66,-0.019705
600036.SH,2024-02-19,90.32,91.77,88.22,90.41,256751,36457198.23,-0.012856
600036.SH,2024-02-20,90.12,92.12,87.97,88.73,191933,31912568.94,-0.031168
600036.SH,2024-02-21,93.51,94.7,93.15,93.75,67291,42730073.05,0.0
600036.SH,2024-02-22,90.8,93.26,89.7,90.94,452802,30601944.76,-0.029946
600036.SH,2024-02-23,92.64,92.47,90.45,92.22,117576,35215528.0,-0.016259
600036.SH,2024-02-26,90.67,93.09,87.15,90.62,88156,33742853.84,-0.033349
600036.SH,2024-02-27,88.37,90.17,86.36,89.91,480425,34335022.55,-0.04094
600036.SH,2024-02-28,90.49,92.1,88.65,91.02,398594,31640132.08,-0.029107
600036.SH,2024-02-29,92.72,94.55,90.51,93.9,347136,36992668.53,0.0
600036.SH,2024-03-01,96.88,97.88,94.21,97.8,485537,17892972.6,0.0
600036.SH,2024-03-04,95.16,96.49,91.81,94.14,142559,9849535.46,-0.037424
600036.SH,2024-03-05,95.3,97.81,93.52,94.87,288635,6534228.5,-0.030018
600036.SH,2024-03-06,100.27,101.57,95.64,98.42,490986,31578672.84,0.0
600036.SH,2024-03-07,94.69,97.2,93.66,94.37,345415,10158764.46,-0.041133
600036.SH,2024-03-08,94.59,98.75,92.26,95.21,217475,23272774.04,-0.032638
600036.SH,2024-03-11,95.07,97.64,95.08,95.3,158311,9975679.58,-0.031721
600036.SH,2024-03-12,95.22,99.8,95.02,96.38,178658,40209038.72,-0.020718
600036.SH,2024-03-13,95.99,97.82,94.31,94.62,163508,36879652.78,-0.038646
600036.SH,2024-03-14,91.17,94.39,90.33,91.32,399401,31529615.91,-0.072188
600036.SH,2024-03-15,85.92,88.94,86.99,87.04,471824,6043151.72,-0.115635
600036.SH,2024-03-18,88.06,89.72,88.28,89.25,418003,13038156.53,-0.093164
600036.SH,2024-03-19,91.83,94.89,90.83,91.81,294006,28979227.9,-0.067227
600036.SH,2024-03-20,92.62,93.69,90.98,92.59,359998,41018150.07,-0.059236
600036.SH,2024-03-21,91.95,94.23,88.38,91.45,257700,4956458.62,-0.070858
600036.SH,2024-03-22,86.94,90.38,87.8,87.83,94630,20259887.41,-0.10763
600036.SH,2024-03-25,90.22,89.88,87.57,89.15,379882,29170760.08,-0.09417
000858.SZ,2024-01-02,55.14,55.57,53.34,55.51,424263,9596515.99,0.0
000858.SZ,2024-01-03,54.76,55.37,54.59,54.72,166683,13315478.18,-0.014245
000858.SZ,2024-01-04,55.4,56.43,52.81,54.59,411189,13985033.81,-0.016562
000858.SZ,2024-01-05,54.63,54.96,52.65,54.66,377572,14945662.39,-0.015217
000858.SZ,2024-01-08,53.51,55.21,53.14,53.65,121508,17413701.98,-0.033556
000858.SZ,2024-01-09,53.77,56.21,53.82,54.57,480476,4421829.05,-0.016926
000858.SZ,2024-01-10,53.49,55.07,52.85,54.46,161140,24932165.58,-0.018916
000858.SZ,2024-01-11,54.53,55.68,54.55,55.08,252382,22007439.83,-0.007645
000858.SZ,2024-01-12,52.98,54.97,51.83,53.92,78193,24688717.06,-0.02867
000858.SZ,2024-01-15,52.61,54.52,52.12,53.38,206304,24284755.79,-0.038322
000858.SZ,2024-01-16,53.36,55.84,54.32,54.4,302075,25653094.2,-0.019993
000858.SZ,2024-01-17,52.98,54.85,52.35,53.95,378869,26519305.43,-0.028147
000858.SZ,2024-01-18,55.78,57.8,54.52,56.33,304398,14576420.25,0.0
000858.SZ,2024-01-19,56.88,57.18,54.37,55.82,101343,6590554.58,-0.008991
000858.SZ,2024-01-22,55.58,56.76,55.86,56.19,302550,16044458.75,-0.002433
000858.SZ,2024-01-23,56.67,59.54,56.92,57.56,80450,21211963.55,0.0
000858.SZ,2024-01-24,55.67,55.76,54.37,55.58,268113,6924630.46,-0.034459
000858.SZ,2024-01-25,54.13,54.99,52.48,53.18,258033,12514057.99,-0.075997
000858.SZ,2024-01-26,51.52,52.33,49.29,51.21,280626,21143382.54,-0.110316
000858.SZ,2024-01-29,52.79,52.99,52.42,52.88,140613,8797628.77,-0.081343
000858.SZ,2024-01-30,51.5,52.89,51.69,52.2,283723,7422701.22,-0.093099
000858.SZ,2024-01-31,56.43,57.55,55.3,55.59,157458,14067718.31,-0.034191
000858.SZ,2024-02-01,55.93,56.56,52.73,54.86,79342,14196685.84,-0.046849
000858.SZ,2024-02-02,56.07,56.36,54.06,55.17,97463,19064172.28,-0.041499
000858.SZ,2024-02-05,58.09,58.23,56.84,57.35,484014,8126555.6,-0.003587
000858.SZ,2024-02-06,60.34,60.98,59.79,60.29,309917,20229763.88,0.0
000858.SZ,2024-02-07,64.21,64.46,63.24,63.45,289862,7682928.12,0.0
000858.SZ,2024-02-08,65.95,67.51,63.65,65.43,435730,29953279.37,0.0
000858.SZ,2024-02-09,66.58,69.82,64.87,67.17,140907,8927565.63,0.0
000858.SZ,2024-02-12,69.31,70.02,65.92,68.24,248145,22305495.46,0.0
000858.SZ,2024-02-13,68.47,72.09,69.09,69.63,277343,33786302.93,0.0
000858.SZ,2024-02-14,68.52,71.45,67.83,68.74,335602,8570842.13,-0.01278
000858.SZ,2024-02-15,68.44,68.56,65.15,67.41,55673,20349047.66,-0.031986
000858.SZ,2024-02-16,67.54,69.41,67.17,67.47,85732,25581772.95,-0.0311
000858.SZ,2024-02-19,66.41,69.56,66.76,67.25,293357,24855346.93,-0.034253
000858.SZ,2024-02-20,66.06,67.81,66.08,66.55,256669,14043278.72,-0.04423
000858.SZ,2024-02-21,67.76,70.02,65.98,67.78,128192,25105448.33,-0.026634
000858.SZ,2024-02-22,70.37,69.74,67.35,69.46,113887,14349561.53,-0.002415
000858.SZ,2024-02-23,69.55,71.77,68.72,69.69,329417,14534659.23,0.0
000858.SZ,2024-02-26,73.32,73.7,72.27,72.33,335363,7726383.04,0.0
000858.SZ,2024-02-27,70.83,71.25,69.46,70.34,81338,9052429.82,-0.027542
000858.SZ,2024-02-28,71.07,70.71,69.61,70.07,175674,23774217.2,-0.031278
000858.SZ,2024-02-29,69.42,70.3,66.97,68.88,145689,4472962.39,-0.047669
000858.SZ,2024-03-01,65.22,67.46,65.58,65.74,442042,25948709.98,-0.091156
000858.SZ,2024-03-04,66.43,67.41,63.72,65.67,458237,23103896.33,-0.092126
000858.SZ,2024-03-05,65.69,65.82,64.08,65.53,257161,28772793.06,-0.093981
000858.SZ,2024-03-06,68.21,69.11,68.02,68.08,99824,16348892.56,-0.058795
000858.SZ,2024-03-07,67.95,71.27,68.99,69.22,176016,30197679.75,-0.04301
000858.SZ,2024-03-08,66.96,69.98,66.85,67.52,412208,3922954.33,-0.066557
000858.SZ,2024-03-11,72.02,72.77,68.75,70.71,423227,12494141.33,-0.022356
000858.SZ,2024-03-12,74.03,73.27,72.08,72.94,293314,6815899.62,0.0
000858.SZ,2024-03-13,73.31,74.11,72.5,74.08,185569,23650265.66,0.0
000858.SZ,2024-03-14,73.13,74.62,72.98,73.73,71664,33644490.64,-0.004662
000858.SZ,2024-03-15,73.05,73.96,70.87,72.04,451536,9609767.45,-0.027541
000858.SZ,2024-03-18,70.24,72.12,70.85,71.44,65601,22307985.4,-0.035617
000858.SZ,2024-03-19,74.91,75.97,72.05,73.46,78638,31153870.56,-0.008404
000858.SZ,2024-03-20,77.29,77.34,74.2,76.99,459332,27034258.9,0.0
000858.SZ,2024-03-21,81.09,82.85,78.67,80.04,282850,19504474.62,0.0
000858.SZ,2024-03-22,78.56,80.51,78.42,79.14,320865,35742059.32,-0.011221
000858.SZ,2024-03-25,76.83,78.87,75.87,77.0,316263,28197422.57,-0.037909
601888.SH,2024-01-02,60.95,62.74,58.86,61.29,336243,28251763.32,0.0
601888.SH,2024-01-03,61.67,63.54,60.72,61.39,104251,28002014.15,0.0
601888.SH,2024-01-04,60.0,62.37,58.97,61.06,55267,14649594.2,-0.005415
601888.SH,2024-01-05,56.98,58.57,56.48,57.45,69682,6052933.99,-0.064164
601888.SH,2024-01-08,58.26,58.92,57.49,58.12,343531,25022571.1,-0.053303
601888.SH,2024-01-09,58.84,59.39,57.62,58.39,173921,10967640.72,-0.048963
601888.SH,2024-01-10,61.31,61.69,60.12,60.61,420090,26418020.98,-0.012846
601888.SH,2024-01-11,62.62,62.65,59.91,61.59,311989,13367127.7,0.0
601888.SH,2024-01-12,65.44,67.02,64.37,65.18,218548,8153291.8,0.0
601888.SH,2024-01-15,65.24,65.79,65.13,65.42,205644,7818203.85,0.0
601888.SH,2024-01-16,64.07,67.0,64.36,65.31,203271,5373352.56,-0.001638
601888.SH,2024-01-17,64.84,65.89,64.24,65.08,322600,13930987.67,-0.005241
601888.SH,2024-01-18,63.7,66.97,63.02,64.43,359723,7296343.55,-0.015179
601888.SH,2024-01-19,60.9,61.0,59.73,60.94,483807,13582201.5,-0.06855
601888.SH,2024-01-22,59.54,60.74,59.18,60.66,122011,3670530.36,-0.072746
601888.SH,2024-01-23,58.18,58.64,55.95,57.59,455037,5888904.68,-0.119754
601888.SH,2024-01-24,59.36,59.03,58.03,58.29,321324,24601346.25,-0.108927
601888.SH,2024-01-25,57.64,57.2,56.46,56.55,225266,12636825.65,-0.13566
601888.SH,2024-01-26,54.98,56.54,53.47,55.34,299170,16256445.79,-0.154121
601888.SH,2024-01-29,55.04,56.28,53.25,54.47,186049,9079704.41,-0.167431
601888.SH,2024-01-30,53.58,54.37,52.82,54.24,171611,26301534.89,-0.170864
601888.SH,2024-01-31,54.43,55.06,53.39,54.31,112638,13566725.66,-0.169893
601888.SH,2024-02-01,56.11,56.92,54.5,55.83,497231,24909302.62,-0.146557
601888.SH,2024-02-02,55.35,56.34,54.25,55.08,140590,12548437.34,-0.158025
601888.SH,2024-02-05,54.77,56.86,54.78,55.8,152487,26996136.01,-0.147077
601888.SH,2024-02-06,60.64,61.39,58.55,59.66,441486,6491055.5,-0.087993
601888.SH,2024-02-07,60.99,60.59,59.79,60.29,174095,26808845.63,-0.078477
601888.SH,2024-02-08,61.14,60.43,58.78,60.07,491444,16071998.94,-0.081714
601888.SH,2024-02-09,59.82,60.35,57.49,58.96,178602,8340571.58,-0.098683
601888.SH,2024-02-12,59.35,59.65,57.59,58.74,271546,18195330.25,-0.10216
601888.SH,2024-02-13,58.34,59.75,56.13,57.49,422383,22654999.24,-0.121155
601888.SH,2024-02-14,58.11,60.15,56.09,57.94,99168,25161561.41,-0.114373
601888.SH,2024-02-15,58.0,60.12,57.9,58.15,78105,26023818.92,-0.111195
601888.SH,2024-02-16,54.95,56.19,54.24,55.06,466872,3226705.76,-0.158351
601888.SH,2024-02-19,55.04,56.61,54.48,55.09,361639,6087285.53,-0.1579
601888.SH,2024-02-20,56.17,57.44,56.18,56.63,175441,8200692.54,-0.134402
601888.SH,2024-02-21,57.15,56.14,56.11,56.12,354569,23727945.39,-0.142173
601888.SH,2024-02-22,54.81,55.29,54.68,55.26,425365,21176265.71,-0.155317
601888.SH,2024-02-23,52.65,55.02,52.92,53.41,346343,21084336.02,-0.183566
601888.SH,2024-02-26,51.69,52.24,49.13,50.98,269432,4330695.85,-0.220672
601888.SH,2024-02-27,51.9,52.94,50.15,52.09,206969,5206816.12,-0.203696
601888.SH,2024-02-28,52.55,53.88,49.98,51.91,479801,14802741.44,-0.206512
601888.SH,2024-02-29,52.54,53.13,51.91,52.96,407531,19500833.76,-0.190404
601888.SH,2024-03-01,54.05,55.21,53.73,55.04,182880,8508437.56,-0.1586
601888.SH,2024-03-04,55.87,58.18,56.21,56.37,232296,25802264.66,-0.138381
601888.SH,2024-03-05,55.26,56.72,53.94,55.66,338214,27303372.61,-0.149202
601888.SH,2024-03-06,56.15,56.72,55.13,55.92,105314,25156822.66,-0.14527
601888.SH,2024-03-07,55.12,56.1,54.2,55.11,331152,4535784.96,-0.157552
601888.SH,2024-03-08,54.59,54.72,53.57,54.19,420140,22315509.54,-0.171627
601888.SH,2024-03-11,54.83,55.85,52.84,54.71,398905,9417681.01,-0.163699
601888.SH,2024-03-12,53.62,54.24,51.77,53.63,333300,3992542.0,-0.180264
601888.SH,2024-03-13,51.22,51.36,48.69,50.72,280008,3605306.82,-0.224717
601888.SH,2024-03-14,49.2,51.05,47.78,49.64,427702,2567535.38,-0.241156
601888.SH,2024-03-15,48.81,50.77,47.96,49.31,95851,10459495.09,-0.246219
601888.SH,2024-03-18,50.77,52.96,49.83,51.24,405019,23125739.68,-0.216795
601888.SH,2024-03-19,50.53,52.5,49.4,50.66,483835,4568538.06,-0.225625
601888.SH,2024-03-20,51.74,52.37,50.1,51.36,334720,18835202.36,-0.21494
601888.SH,2024-03-21,50.18,51.54,50.61,51.19,349873,24814981.62,-0.217458
601888.SH,2024-03-22,53.37,54.82,52.19,52.82,184123,5144945.35,-0.192682
601888.SH,2024-03-25,55.01,55.8,52.32,54.4,212022,26140421.78,-0.168522
002415.SZ,2024-01-02,107.68,106.31,105.78,106.21,402439,42607814.07,0.0
002415.SZ,2024-01-03,100.05,101.81,97.42,100.22,79562,15303942.21,-0.056405
002415.SZ,2024-01-04,97.94,100.86,97.94,98.94,263214,7522352.89,-0.068448
002415.SZ,2024-01-05,97.78,99.64,95.19,96.02,496097,28327182.79,-0.095945
002415.SZ,2024-01-08,96.65,95.18,92.49,94.9,151421,13107367.1,-0.106526
002415.SZ,2024-01-09,93.28,97.0,93.81,94.64,310234,10990772.04,-0.108933
002415.SZ,2024-01-10,94.83,96.04,91.37,93.66,353358,15637483.63,-0.118139
002415.SZ,2024-01-11,96.55,100.72,94.4,97.16,261494,43775075.05,-0.085236
002415.SZ,2024-01-12,98.86,98.29,94.7,98.05,53528,32739368.21,-0.076848
002415.SZ,2024-01-15,98.67,99.41,98.72,98.88,288346,15707543.34,-0.068991
002415.SZ,2024-01-16,100.52,103.25,96.8,100.52,173616,41527713.33,-0.053578
002415.SZ,2024-01-17,97.6,99.89,95.54,97.76,69754,12179328.61,-0.079577
002415.SZ,2024-01-18,100.18,101.23,96.58,100.39,429642,49347615.31,-0.054746
002415.SZ,2024-01-19,101.48,103.73,97.26,100.3,482282,13903909.59,-0.055591
002415.SZ,2024-01-22,103.93,106.15,100.91,102.09,491514,31268350.06,-0.038816
002415.SZ,2024-01-23,98.5,101.19,97.84,99.45,82886,32824896.73,-0.063611
002415.SZ,2024-01-24,97.53,96.42,94.9,95.69,458554,45420417.58,-0.099048
002415.SZ,2024-01-25,99.54,99.78,97.65,97.74,390789,11997984.36,-0.079725
002415.SZ,2024-01-26,98.67,101.6,95.79,98.76,338276,34562728.53,-0.070145
002415.SZ,2024-01-29,95.33,98.81,95.75,96.63,274503,5357823.15,-0.090184
002415.SZ,2024-01-30,92.77,95.98,94.35,94.63,152904,31743718.37,-0.109055
002415.SZ,2024-01-31,96.3,98.64,96.79,97.38,377987,9049809.75,-0.083097
002415.SZ,2024-02-01,94.32,94.7,92.62,94.59,348095,9773115.12,-0.109444
002415.SZ,2024-02-02,97.73,100.13,98.25,98.56,496964,6920184.98,-0.071982
002415.SZ,2024-02-05,97.45,97.88,94.1,96.44,389419,44681408.18,-0.091948
002415.SZ,2024-02-06,99.85,100.34,95.56,98.08,404397,15982030.63,-0.076548
002415.SZ,2024-02-07,97.62,98.77,96.03,97.37,158179,13263608.51,-0.083211
002415.SZ,2024-02-08,100.59,99.34,96.98,98.94,149383,6680075.75,-0.068469
002415.SZ,2024-02-09,95.88,98.37,97.17,97.69,177115,46667210.65,-0.080209
002415.SZ,2024-02-12,97.71,99.09,95.75,97.39,282514,38123332.47,-0.083033
002415.SZ,2024-02-13,96.74,98.97,97.17,97.59,475905,44075390.83,-0.081178
002415.SZ,2024-02-14,94.93,98.21,93.24,95.24,273892,13534151.99,-0.10328
002415.SZ,2024-02-15,97.45,97.82,94.5,97.1,434763,13903025.85,-0.085775
002415.SZ,2024-02-16,94.3,96.22,95.72,95.95,278114,22474943.04,-0.096591
002415.SZ,2024-02-19,96.69,98.69,92.95,95.5,362128,37913138.52,-0.100851
002415.SZ,2024-02-20,93.8,93.78,92.76,93.22,292592,16510323.4,-0.122303
002415.SZ,2024-02-21,87.08,87.47,84.29,87.34,394496,4367512.62,-0.177649
002415.SZ,2024-02-22,86.72,88.83,83.72,87.01,487885,13204526.64,-0.180754
002415.SZ,2024-02-23,91.62,93.47,89.5,92.35,50663,34925910.04,-0.130522
002415.SZ,2024-02-26,96.01,95.1,92.98,94.25,383853,40696427.4,-0.112597
002415.SZ,2024-02-27,94.01,95.44,91.75,94.3,370679,39374647.1,-0.112137
002415.SZ,2024-02-28,92.58,95.16,93.41,93.77,413012,46247856.56,-0.117085
002415.SZ,2024-02-29,94.88,95.4,92.38,93.92,347456,8011860.75,-0.115706
002415.SZ,2024-03-01,95.47,98.0,92.12,95.3,401284,29799659.41,-0.102726
002415.SZ,2024-03-04,94.26,92.74,89.86,92.58,320699,16984103.22,-0.128317
002415.SZ,2024-03-05,96.07,98.14,91.83,95.25,281234,26575478.38,-0.103162
002415.SZ,2024-03-06,96.54,100.67,96.38,97.05,363744,36049357.47,-0.086225
002415.SZ,2024-03-07,98.74,102.53,97.68,98.89,378041,43290491.58,-0.068905
002415.SZ,2024-03-08,99.17,103.3,96.85,100.07,205403,20117274.11,-0.057767
002415.SZ,2024-03-11,102.14,103.66,99.02,100.22,377175,30360766.87,-0.056363
002415.SZ,2024-03-12,103.83,104.03,99.48,102.01,123365,41190439.66,-0.039546
002415.SZ,2024-03-13,104.59,105.21,99.58,103.62,427548,5713419.23,-0.024375
002415.SZ,2024-03-14,103.64,106.8,100.49,102.81,155738,37749778.05,-0.032035
002415.SZ,2024-03-15,102.72,103.65,101.3,101.44,73250,28113582.88,-0.044948
002415.SZ,2024-03-18,102.68,105.31,98.45,101.79,410001,30408000.88,-0.041561
002415.SZ,2024-03-19,105.4,106.4,105.27,105.84,120772,20046348.8,-0.003486
002415.SZ,2024-03-20,101.8,106.24,101.32,102.67,408506,16704841.51,-0.033359
002415.SZ,2024-03-21,99.5,101.27,98.34,99.0,457739,5491697.36,-0.067857
002415.SZ,2024-03-22,100.2,99.72,97.71,99.51,179434,18712583.5,-0.063085
002415.SZ,2024-03-25,99.15,102.21,97.08,99.73,379714,23142227.93,-0.060957
